{
  "project_info": {
    "project_number": "881188942241",
    "project_id": "ics26011-altproj",
    "storage_bucket": "ics26011-altproj.firebasestorage.app"
  },
  "client": [
    {
      "client_info": {
        "mobilesdk_app_id": "1:881188942241:android:4a6eb8154653e6e3209be0",
        "android_client_info": {
          "package_name": "com.ite.ics26011_altproj"
        }
      },
      "oauth_client": [],
      "api_key": [
        {
          "current_key": "AIzaSyANGNeRlhhmjjIrlXvyM9gHjXV0DrHP6og"
        }
      ],
      "services": {
        "appinvite_service": {
          "other_platform_oauth_client": []
        }
      }
    }
  ],
  "configuration_version": "1"
}